;review_id;rating;title;review_date;user_name;review;response_id;dev_response;response_date;lang-r;lang-t;lang
133;6085970206;5;La Maison Blanche;2020-06-17T06:10:30Z;tsm energies services;L’appareil est très bien fait;;;;fr;;fr
253;6045921703;5;Top 👍;2020-06-07T08:24:01Z;Sécu2007;Très bonne application, très utile pour connaître les taux de pollution.;;;;fr;;fr
233;5974704788;5;Très bien;2020-05-21T13:31:13Z;Cjchavanne;Très bien;;;;fr;;fr
192;5935245643;5;Pratique;2020-05-12T10:32:33Z;ManuLes;Application très pratique pour savoir si l’air de l’endroit où l’on se trouve est bonne à respirer.;;;;fr;;fr
82;5928224600;5;Indispensable pour comprendre la planète !;2020-05-10T16:15:52Z;Zlyzinc;Application indispensable à donner - notamment - aux jeunes pour comprendre l’interaction des pollutions dans le cadre de la planète entière...;;;;fr;;fr
101;5880383779;5;Pure;2020-04-29T16:28:33Z;LeRobuste;Utile pour choisir son lieu d’habitation !;;;;fr;;fr
30;5861098851;5;Nécessaire !!!;2020-04-25T08:30:31Z;dadocrocro;"Très bon curseur sur la qualité d’air , cela influe sur mes décisions de footing , d’aération des pièces et aussi rassurant . 
Nickel 😁";;;;fr;;fr
161;5812324035;5;Super;2020-04-14T23:21:16Z;jeff13390;Très bien;;;;fr;;fr
156;5796061037;5;Très utile;2020-04-11T13:18:39Z;Rbati;Belle application et surtout très utile. Faudra inclure plus de pays et villes en favoris et ca sera parfait.;;;;fr;;fr
21;5794631206;5;Angkor air pur;2020-04-11T06:14:29Z;Asiasusu;"La forêt du parc archéologique n’est plus polluée par les bus et véhicules de tourisme. Le site et la ville sont déserts, nous y respirons mieux mais la population espère le retour des touristes. C’est la ressource économique de Siem Reap ANGKOR city.
Programmez votre voyage et découvrez ce lieu magique.";;;;fr;;fr
37;5784777615;5;Utile;2020-04-09T07:30:51Z;A Natalia;Très pratique notamment en cas de Sortie limitée au strict nécessaire;;;;fr;;fr
234;5750219533;5;Très bien;2020-04-02T09:59:41Z;legoutdelucio;Très bien;;;;fr;;fr
174;5736526628;5;Très utile;2020-03-30T16:38:11Z;crockiwi;Simple d’utilisation et adapté à mon usage.;;;;fr;;fr
39;5727497599;5;Précise;2020-03-28T19:50:45Z;Lolive64;Super appli. Complète.;;;;fr;;fr
47;5725258719;5;Une appli vraiment utile;2020-03-28T09:47:49Z;JJLamorozo;"Information précise, appli simple à utiliser 
Bravo";;;;fr;;fr
34;5723330200;5;Excellente Application Complète;2020-03-27T23:28:22Z;Ems360;EXCELLENT pour obtenir les informations essentielles sur la qualité de l'air, les particules fines dans votre ville, ou ailleurs.;;;;fr;;fr
90;5710064430;5;Très utile surtout aujourd’hui !;2020-03-25T08:14:29Z;Isaloulou;"Très utile surtout aujourd’hui avec cet arrêt mondial ; on se rend compte très vite que notre non activité permet a l’air de se régénérer...";;;;fr;;fr
67;5692964059;5;Précis et fiable;2020-03-21T18:15:04Z;Beslabes26;Pratique pour connaître les conditions de pollution surtout avant de faire du sport;;;;fr;;fr
73;5672150956;5;Très utile;2020-03-17T10:20:30Z;GizmoMogwaille;Cette App est très utile pour obtenir une indication rationnelle de la qualité de l’air.;;;;fr;;fr
244;5626781444;5;Pratique;2020-03-07T05:55:03Z;Miracle_soumis;Application pratique et détaillée.;;;;fr;;fr
48;5620712873;5;Très utile;2020-03-05T19:31:02Z;D0NUTMAN;Appli très pratique et précise ! Super si vous voulez savoir la qualité de l’air;;;;fr;;fr
205;5591683289;5;Superbe application;2020-02-28T11:50:52Z;Pascal2204;Très belle et efficace application;;;;fr;;fr
191;5566947691;5;Ultreia;2020-02-22T20:22:26Z;ultreia03;Excellent application qui m’aide à préparer mes séances de sport !;;;;fr;;fr
245;5530739700;5;Cette application est vraiment ICÔNIC;2020-02-14T16:02:03Z;Anastasia7542;j’adore;;;;pt;fr;fr
243;5507815573;5;AirVisual;2020-02-09T11:20:47Z;avisdu7;Très bonne application que je recommande à tout le monde;;;;fr;;fr
235;5494339841;5;Très utile;2020-02-06T08:50:12Z;Nalalilala;Très utile;;;;fr;;fr
171;5464994815;5;Indispensable;2020-01-30T06:44:18Z;jack57255;"Une application indispensable sur son téléphone, je recommande vivement.
Je vois la pollution différemment";;;;fr;;fr
251;5461386439;5;chatounee;2020-01-29T07:59:03Z;chatouneee;Application très utile pour savoir le meilleur jour pour aller courir !;;;;fr;;fr
22;5450219493;5;Précise et sérieuse;2020-01-26T09:20:57Z;peccher;"Très bonne appli au quotidien. Vous pouvez organiser vos journées sports ou sorties en famille 
Merci !";;;;fr;;fr
281;5447829632;5;Super;2020-01-25T18:03:46Z;Neo38080;Excellente application, très utile;;;;fr;;fr
7;5445940733;5;Précise et mesures locales;2020-01-25T08:09:16Z;sebclry;Les mesures locales sont très utiles par rapport aux autres applications;;;;fr;;fr
158;5443215610;5;Indispensable;2020-01-24T15:43:22Z;kris.robert78;Indispensable à toute personne ce sentant concerné par son existence sur notre planète;;;;fr;;fr
28;5438296141;5;Expat à Bangkok : très utile !;2020-01-23T11:04:26Z;beadn;Merci à l’appli qui nous permet de savoir quand il faut éviter de sortir ou d’aller faire du sport ! Et nous l’avons aussi utilisée pour acheter des masques. Nous avons aussi acheté le capteur qui nous permet de contrôler la puissance du purificateur d’air.;;;;fr;;fr
152;5437645928;5;Une aide pour choisir;2020-01-23T06:51:34Z;pekinois;Application utile pour décider quand et quoi faire a l’extérieur.;;;;fr;;fr
138;5413852805;5;Je consulte AirVisual tous les jours;2020-01-17T07:45:53Z;pglyol13;Très pratique;;;;fr;;fr
98;5380475540;5;Aide bien par les temps qui courent;2020-01-09T12:00:11Z;Edi head;Très ultile vue la pollution à Bangkok;;;;fr;;fr
227;5379497930;5;Indispensable!;2020-01-09T06:59:59Z;Mocassindo;Indispensable pour commencer la journée en toute conscience !;;;;fr;;fr
42;5377006500;5;Super appli;2020-01-08T16:40:05Z;Medidondtoi;"Appli très utile qui permet de connaître la pollution à l’échelle mondiale en temps réel.
Elle casse les idées reçues, par exemple la qualité de l’air à Paris est très bonne comparée à d’autres villes de France !";;;;fr;;fr
207;5363784308;5;best application ever;2020-01-05T11:31:02Z;yjgycyfyc;ça m’aide pour tout les jours c’est juste trop bien, ça m’évite de respirer la pollutions;;;;fr;;fr
237;5351482947;5;Qualité de l’air;2020-01-02T15:16:42Z;fingridni;Très utile et facile à utiliser;;;;fr;;fr
65;5342101277;5;Super !;2019-12-31T10:15:24Z;Actuarial;Vraiment utile de voir les variations journalières et de se constituer un historique en fonction des lieux où on se rend.;;;;fr;;fr
288;5322759527;5;sympa;2019-12-26T17:46:54Z;Silvercf2;claire et précis;;;;fr;;fr
69;5305778459;5;Excellente application pour connaître la qualité de l’air dans le monde entier;2019-12-22T19:38:07Z;pilt74;Excellente application;;;;it;fr;fr
12;5279119510;5;Outil indispensable;2019-12-16T10:30:48Z;CC3875;J’habite dans une ville très polluée régulièrement et j’ai vraiment besoin de connaître au quotidien le degré de pollution. Air Visual et ses alertes sont pour moi une sécurité et une aide vitale.;;;;fr;;fr
11;5274557006;5;Rassurant;2019-12-15T06:22:20Z;Na_ta_cha;Appli absolument nécessaire vu le niveau de pollution parfois dangereux de la ville dans laquelle je vis. Je la consulte désormais avant chaque aération et sortie avec les enfants. Merci !;;;;fr;;fr
93;5266964064;5;Très utile;2019-12-13T10:00:19Z;TheCrystalSheep;Ayant des problèmes respiratoires et vivant en ville, cette application m’est très utile. Je peux savoir quand je dois porter un masque filtrant ou non;;;;fr;;fr
8;5262795164;5;Clarté et indépendance des données;2019-12-12T09:21:56Z;Kroket;Application répondant parfaitement aux attentes de mesures de qualité d’air de façon claire et indépendante;;;;fr;;fr
293;5258563447;5;Super;2019-12-11T07:42:47Z;Liiloouliiloo;Depuis mon voyage en Corée je ne me passe plus de cette application! Génial;;;;fr;;fr
81;5229584799;5;Très utile et pratique;2019-12-03T19:12:35Z;mariane93;M’aide à suivre la pollution des villes où je me rend, ayant des pbs pulmonaire, je sais si il faut absolument que j’emporte un masque ou non;;;;fr;;fr
222;5226717375;5;Super simple & utile;2019-12-03T01:22:07Z;Heloise100000;Facile à utiliser et super utile dans la vie de tous les jours !!;;;;fr;;fr
270;5211658221;5;Très bonne application;2019-11-29T12:10:15Z;caroling112;Très utile;;;;fr;;fr
218;5027824144;5;Carolina Vila;2019-10-27T01:25:32Z;carolina vila;Excellent apps;;;;fr;;fr
51;5014833693;5;Super !!!;2019-10-25T19:52:15Z;Isamizen;C'est formidable d'avoir finalement aussi une information sur la qualité de l'air que l'on respire .;;;;fr;;fr
271;5007380400;5;Excellent;2019-10-24T15:31:29Z;damso63;Très utile jour de pollution;;;;fr;;fr
157;4949972175;5;AirVisual;2019-10-15T08:17:49Z;Rominet77;Très bonne application et bien utile pour les déplacements je recommande vivement et super gestion du logiciel. Merci au créateur ( s );;;;fr;;fr
103;4869708782;5;Très utile;2019-10-01T15:43:37Z;wkv32;Appli très utile pour éviter les activités intenses lors de pics de pollution;;;;fr;;fr
204;4859096196;5;Top !;2019-09-29T10:24:51Z;G13101974;Une de mes applications préférées ! Stable et fiable !;;;;fr;;fr
38;4833305171;5;Plus qu’utile !;2019-09-24T20:36:04Z;Carloscap;Je me déplace souvent dans plusieurs pays et je l’utilise quasiment tous les jours pour adapter mes activités et prendre soin de ma santé;;;;fr;;fr
240;4818838047;5;Très bien;2019-09-21T18:06:47Z;danouxe;Appli Indispensable à notre époque;;;;fr;;fr
109;4719206573;5;Très bonne application;2019-09-03T08:38:18Z;Spartiate2555;Simple d’utilisation, lisible. Tout ce que l’on lui demande.;;;;fr;;fr
88;4682062404;5;Primordial;2019-08-27T15:57:59Z;Lucielulu5751;Très très bien lorsque l’on pratique des activités sportives en extérieur notamment;;;;fr;;fr
97;4659607050;5;Coucou;2019-08-23T12:15:59Z;yznogoud77777777777;Très bien pour ceux qui sont allergiques aux pollens et à la pollution;;;;fr;;fr
70;4642040148;5;Appli très bien;2019-08-19T15:26:19Z;LaLigneVerte;Nous avons le niveau de pollution. Peut on avoir également de type de pollution ? Particules fines, produits chimiques, pesticides ...;;;;fr;;fr
52;4609437956;5;Respir;2019-08-13T04:42:31Z;fabemol;Très bonne applications qui donne une idée sur la qualité de l’air;;;;fr;;fr
84;4602120111;5;Super 👍;2019-08-11T14:16:38Z;Catiouchka;Vraiment très utile bien faite et précise 😍;;;;fr;;fr
26;4576711381;5;Efficace et facile à utiliser;2019-08-06T10:56:27Z;McCarnx;Simple à utiliser et aussi important que les applis concernant la qualité des produits alimentaire;;;;fr;;fr
10;4521425112;5;Très bien faite;2019-07-26T18:10:07Z;Moovingreen;Top rien a dire nous permet de choisir le chemin le moins polluer possible.;;;;fr;;fr
66;4496432536;5;Parfaite pour prendre une décision;2019-07-21T10:21:52Z;Mg1301;Nous sortons en balade en jetant un coup d’œil sur la pollution de l’air. Cela rassure. Nous l’apprécions tous dans la famille. Mile;;;;fr;;fr
102;4484827736;5;Indispensable;2019-07-19T10:56:37Z;lleo94;Être informé par d’autres moyens que les médias traditionnels est une nécessité.;;;;fr;;fr
23;4446829330;5;Bonne appli;2019-07-12T07:34:15Z;Bjc4681;Cette appli permet d’être informé de la pollution et permet d’adapter mes activités extérieures en fonction;;;;fr;;fr
64;4229672091;5;Utile;2019-05-29T11:39:10Z;killian_6;Toujours intéressant de connaître l’état de l’aire en temps réel pour adapter ses activités !;;;;fr;;fr
247;4170158180;5;Très utile;2019-05-18T14:23:10Z;Génialeeeeesss;Je recommande, elle fonctionne très bien;;;;fr;;fr
269;4127327565;5;Très utile;2019-05-10T07:30:38Z;Pinktoniq;Très bonne application;;;;fr;;fr
46;4108227281;5;Indispensable;2019-05-06T08:08:45Z;Mijusum;Ayant habité en Chine, je suis très vigilante à la qualité de l’air et adapte l’activité familiale au degré de pollution.;;;;fr;;fr
135;4105412906;5;Super application et intuitive 💪🏻👍;2019-05-05T17:34:04Z;senioye_95;Cette appli ma appris à mieux connaître notre environnement et se qu’on respire je le conseille a 100%;;;;fr;;fr
264;4059470926;5;Parfait simple;2019-04-25T18:40:11Z;lea051289;Lisible et efficace;;;;fr;;fr
226;4044766730;5;Très utile;2019-04-22T07:00:40Z;BertrandWest;Très utile, vivement que l’on puisse avoir des relevés pour toutes les communes;;;;fr;;fr
170;4014524582;5;Informatif et simple;2019-04-15T06:06:24Z;GT81;"Très bonne application 
Visuelle, simple et très pratique";;;;fr;;fr
1;4004281790;5;Très utile !;2019-04-12T20:00:15Z;lucasfinck1211;"Cela fait désormais une semaine que j’ai téléchargé cette application et le concept de pouvoir connaître la qualité de l’air près de chez soi  est génial !

Même s’il est vrai que je ne suis pas forcément une personne sensible, lors d’un gros pic de pollution j’ai ressenti de légères difficultés à respirer, respiration sifflante, toux qui sont des symptômes de la pollution c’est donc pour cette raison que j’ai décidé de télécharger cette application afin d’éviter mes déplacements et activités en fonction du niveau de pollution !";;;;fr;;fr
62;3983725279;5;Fait le job;2019-04-07T19:58:01Z;Real Greg;Me permet d’éviter de courir sur les pics de pollution automobile en zone urbaine. Compatible Avec la watch.;;;;fr;;fr
15;3951347513;5;Très utile;2019-03-31T13:07:27Z;JPQ Paris;Cette App est formidable, très simple à utilisée et j’aime bcp les notifications. Merci;;;;fr;;fr
151;3939317420;5;Nécessaire;2019-03-29T02:14:54Z;Roll000;Application nécessaire en voyage entre autres au Népal et Inde.;;;;fr;;fr
75;3931498679;5;Très bonne Appli pour veiller à sa santé !;2019-03-27T03:52:25Z;Torrin44;Très utile dans un pays comme la Thaïlande où l'on subit chaque année, en Mars, les méfaits des fumées occasionnées par les brûlis forestiers !;;;;fr;;fr
228;3864066591;5;Indispensable;2019-03-10T05:29:07Z;Aipicure;Mieux respirer, mieux vivre;;;;fr;;fr
162;3857994146;5;Très bien;2019-03-08T19:06:01Z;RueilMalmaison;Super.;;;;id;fr;fr
106;3852122507;5;Très utile;2019-03-07T08:00:22Z;Magiwachtel;Application très utile pour comparer le ni eau de pollution et surtout savoir quels sont les bons moments pour faire du sport en extérieur;;;;fr;;fr
238;3841546001;5;Super 👍;2019-03-04T12:46:55Z;Renardo 🦊🐷;Très bien nous;;;;fr;;fr
20;3841084355;5;Une appli fiable et précise !;2019-03-04T10:12:58Z;엠마야;Appli très pratique, voire indispensable quand on vit dans des zones très polluées. Gère aussi le widget qui permet de jeter un coup d’œil à tout moment !;;;;fr;;fr
58;3823296155;5;Utile pour décider s’il fait bon aller courir;2019-02-28T07:18:43Z;PizzaCaviar;Pratique le rapport quotidien pour organiser les activités de sports à l’extérieur ou non...;;;;fr;;fr
250;3813491803;5;Top;2019-02-25T14:21:12Z;Gaga!!!❕❕;Très simple d’utilisation;;;;fr;;fr
16;3799927190;5;Bien utile, merci.;2019-02-22T08:58:29Z;Celine75;"Cette application est très simple de lecture, sans publicité, et me permet d’adapter mes trajets en scooter dans Paris, en évitant les zones trop polluées. Cela me permet aussi de comprendre pourquoi je tousse car cela correspond toujours à des pics de pollution.
Merci";;;;fr;;fr
248;3779140956;5;Excellente application;2019-02-17T05:05:00Z;Grenade0733;Très utile;;;;fr;;fr
59;3731852011;5;Pratique;2019-02-04T09:42:08Z;mariehln;Très interessant...! Et du coup... je regrette mon choix d’habitation 😉 Je sors au vert et fait le plein d’oxygène !;;;;fr;;fr
200;3713603521;5;Excellente application;2019-01-30T19:28:05Z;Thorame;L’appli me sert régulièrement. Très pertinente.;;;;fr;;fr
53;3700010385;5;Pratique quand on veut quitter Paris et la pollution;2019-01-27T09:18:02Z;loulouparis19;Pratique quand on veut quitter Paris et la pollution et choisir une autre ville ou s’installer;;;;fr;;fr
278;3676393673;5;Parfait;2019-01-21T06:19:16Z;Bu-nga;"Parfait 
Très lisible et compréhensible";;;;fr;;fr
190;3667706234;5;Avis d'un runner;2019-01-19T05:57:28Z;Jo loko 72;Super précis !;;;;fr;;fr
100;3622701400;5;En vallée de l Arve indispensable;2019-01-07T13:01:20Z;Fredphoto;Une notification le matin pour voir si on prend deux ou une voiture ou faire du sport ou pas !!!;;;;fr;;fr
87;3580607161;5;D’utilité publique;2018-12-27T18:20:56Z;Neeeo92;On aimerai plus de capteurs et plus de précisions.;;;;fr;;fr
130;3578646049;5;Très bonne application;2018-12-27T08:23:23Z;Juan-Gabos;Application très utile notamment pour les personnes ayant des problèmes respiratoires.;;;;fr;;fr
260;3552703183;5;Dubaï....;2018-12-20T17:30:51Z;lepezz;"Excellente appli, enfin une mesure de ce que l'on voit....ciel jaune, poussières en suspension....., 1.000.000 de voitures/ camions transitent tout les matins et tout les soirs entre Dubaï et Sharjah, plus la pollution industrielles....
Voici plus de 10 ans qu'ils ont arrêté de publier la qualité de l'air, or la ils sont b.... car la balise est a l'ambassade américaine et les pouvoirs publics n'ont aucun contrôle dessus afin de nous faire croire que l'air y est le plus pure du monde dans ce pays fabuleux ou tout les gens sont heureux ....";;;;fr;;fr
104;3521594659;5;Vraiment utile;2018-12-12T06:55:17Z;JolesLisa;App très bien pensée, ultra pratique à consulter et qui pousse chaque matin la qualité de l’air à l’endroit où on se trouve;;;;fr;;fr
208;3495056427;5;Excellent;2018-12-05T07:03:35Z;Nch madrid;Très utile. Encore mieux en achetant leurs appareils filtrant la pollution.;;;;fr;;fr
40;3487843481;5;Simple et efficace;2018-12-03T06:08:52Z;perolili;Informations claires et fiables quand à la qualité de l’air .;;;;fr;;fr
287;3479875669;5;Top;2018-12-01T05:21:52Z;Claire VR;Très bonne application;;;;fr;;fr
221;3467886745;5;Best app for air quality;2018-11-28T00:18:23Z;Wilko2505;Essential app !;;;;ca;fr;fr
54;3446673221;5;Super intéressant pour connaître l’évolution de nos pollutions et se prémunir;2018-11-22T10:45:03Z;Roc de tougne;Excellente application qui nous permet de suivre l’évolution des dégâts causés par l’humanité sur notre air;;;;fr;;fr
301;3446126924;5;Super bien;2018-11-22T07:04:00Z;sensiytrfg;Tres utile, je me sens en Sécurité tous les matins!;;;;fr;;fr
122;3381845781;5;Top;2018-11-05T01:05:50Z;ingridbkk;Nombreux spots tres utile;;;;fr;;fr
223;3363538206;5;Tres utile;2018-10-31T05:03:26Z;Patach92;Application très utile, particulièrement dans les régions exposées à la pollution;;;;fr;;fr
27;3350550228;5;User;2018-10-27T16:21:41Z;user Clara;C’est très utile pour tous les jours à surveiller la pollution. Nous utilisons le purificateur d’air de la même marque depuis des années. Avec cet app, on voit encore plus claire le changement de pureté de l’air. C’est très efficace.;;;;fr;;fr
241;3349020881;5;Clair, fiable et utile.;2018-10-27T08:35:37Z;Cémoi Laurent;Très bonne application. Je recommande.;;;;fr;;fr
14;3337281522;5;AirVisual;2018-10-24T07:39:55Z;LEPAUL88;"C'est le TOP ! possédant des capteurs personnels pour mesurer la pollution de l'air (intérieur et extérieur) > je peux affirmer que cette application est très précise sur le lieu annoncé.
Dommage néanmoins qu'il n'y ait pas plus ""de capteur"" pour couvrir plus amplement notre territoire ...
LA QUALITÉ DE L'AIR EST DE TOUTE PREMIÈRE IMPORTANCE pour notre SANTÉ > pour le choix de nos ACTIVITÉS !";;;;fr;;fr
150;3325735107;5;Très bien;2018-10-21T05:20:25Z;Mak75;Très utile et facile à utiliser;;;;fr;;fr
197;3277960837;5;Enfin état des villes du monde dans une appli;2018-10-08T12:36:19Z;Rolw351;Utile et clair;;;;fr;;fr
319;3266055998;5;Super app;2018-10-05T10:49:23Z;Djeepywa;Rien à dire c’est parfait;;;;fr;;fr
60;3106412271;5;Super;2018-08-24T04:54:17Z;Marc Annecy;"Je l'utilise tous jours avant de courir !
Au dessus de 50 je marche en dessous je cours ! Au-dessus de 80 je bouge pas !";;;;fr;;fr
274;2996452052;5;Top;2018-07-31T12:48:19Z;dargone;Application très utile pour la pollution;;;;fr;;fr
24;2991311844;5;Très bien fait son job;2018-07-30T10:51:36Z;Vavise;Manque juste peut être quelques points de mesure mais est ce la faute de l’appli ou juste le fait qu’il n’y a pas de mesures dans certaines régions/départements (comme le Var);;;;fr;;fr
80;2920571869;5;Ça marche bien 🎶;2018-07-17T03:44:47Z;Rex31170;C’est une application qui marche très bien, je suis en Californie actuellement et j’ai tout de même les chiffres de la qualité de l’air ! C’est super 😊;;;;fr;;fr
203;2890594994;5;Très pratique et bien faite.;2018-07-12T09:22:39Z;Krumbaum;Rien à dire. Vraiment bien.;;;;fr;;fr
94;2817785893;5;Excellente application !;2018-07-02T08:17:42Z;chris29041971;Plus il y aura de points de relevé, mieux ce sera !;;;;fr;;fr
96;2676433446;5;Bonne application;2018-06-11T12:04:27Z;Brocard59;Intéressant quand on habite en ville....;;;;fr;;fr
255;2664233730;5;Tres tres bien !;2018-06-09T04:30:53Z;Kurtis Newton;Merci pour cette appli très bien faite et pratique pour moi qui vit à Téhéran.;;;;fr;;fr
136;2650594047;5;Bravo;2018-06-06T13:14:38Z;Watitus;Parfois surprenant, mais toujours intéressant, une appli vraiment utile.;;;;fr;;fr
41;2648570376;5;Saze;2018-06-06T05:02:16Z;Rigaon;J’utilise souvent l’application et de plus une station d’analyse se trouve dans mon village;;;;fr;;fr
202;2597618246;5;Géniale;2018-05-26T07:15:37Z;Kiwwwix;Excellente application, pour prendre soin de ses poumons !!;;;;fr;;fr
44;2440206630;5;Indispensable quand vous vivez à Pékin;2018-04-19T09:05:54Z;Steven Masini;Il existe une multitude d’applications pour vérifier la qualité de l’air, mais je trouve celle-là bien faite.;;;;fr;;fr
5;2429380521;5;excellent !;2018-04-16T12:39:24Z;JeromeDdy;"et toujours en accord avec d’autres mesures faites à Pékin, en tous cas pour ce qui me concerne
m’as les données ne sont pas équivalentes à celles d’airmatters...
une raison ?";;;;fr;;fr
220;2412800425;5;Excellent;2018-04-12T08:43:53Z;strasbourg 67100;"Cette application est vivement conseiller pour les personnes sensible 
Elle est fiable";;;;fr;;fr
265;2348205760;5;Très ergonomique - et utile surtout;2018-03-26T11:19:13Z;Kholidbis;Bonne app;;;;fr;;fr
132;2224990670;5;Utile;2018-02-19T12:16:07Z;chrispajot;Cette app donne des indices détaillés et fiables très utile au quotidien;;;;fr;;fr
153;2194797406;5;AirVisual;2018-02-11T11:07:26Z;MimiDpr;Bonne application relativement fiable;;;;fr;;fr
262;2039784104;5;Très;2017-12-30T02:44:00Z;Brunsun9313;Révélateur !;;;;fr;;fr
131;1663231654;5;Fiable !;2017-06-30T06:25:20Z;lamouchedu43;Fiable,simple utile.;;;;fr;;fr
108;1588349645;5;Simple et pratique;2017-04-14T06:59:56Z;Brd80;Une application simple et pratique, et qui fonctionne bien. De plus gratuite que demander de plus ?;;;;fr;;fr
246;1565346849;5;AirVisual;2017-03-16T04:54:03Z;Topofix;Bonne app simple et pratique;;;;fr;;fr
36;1561320956;5;Bonne application qui semble bien renseignée;2017-03-10T10:15:36Z;jfhubert;"Le nombre de stations de mesure semble élevé, la précision est la. 
Merci beaucoup !";;;;fr;;fr
43;1542070495;5;Très utile;2017-02-11T10:04:20Z;Salahouddini;Nous permet de se rendre compte de l'état de l'air ambiant. Peut-être aussi de ne pas prendre sa voiture ou moto quand il est mauvais.;;;;fr;;fr
57;1530397864;5;Très pratique;2017-01-25T18:43:40Z;Addlhabass;"Vraiment super pro et très instructive cette appli 
Domage qu'il n'y ai pas plus de point de Controle";;;;fr;;fr
50;1530014337;5;Indispensable;2017-01-25T07:25:02Z;Regis7669;"Cette application est vraiment utile et nous sensibilise au problème de la pollution et son impact sur la qualité de l'air
Il manque des villes importantes Le Havre, Rouen, Genève";;;;fr;;fr
330;1528795962;5;nulnul;2017-01-23T13:38:40Z;Angers prolly;parfait;;;;fr;;fr
276;1526993307;5;GRENOBLE super;2017-01-21T06:36:14Z;chrbre;Excellent partout où je me déplace !;;;;fr;;fr
6;1521726008;5;Top appli;2017-01-14T06:56:17Z;Kaxiaojie;De retour de Chine, nous sommes malheureusement bien habitués aux problèmes de pollution et à consulter les applications de mesures de qualité de l'air ... AirVisual est précise et très facile à consulter, correspond tout à fait à nos besoins, merci beaucoup !!;;;;fr;;fr
3;1517811476;5;Indispensable;2017-01-08T11:50:03Z;pascalwirth;Très bonne application, une démarche réseau afin de développer un système de mesures communautaire grâce à aux objets connectés;;;;fr;;fr
45;1514234592;5;Très utile !;2017-01-03T02:16:35Z;Luomweupe;Des informations très fiables oui mais la pastille rouge de notification n'indique pas automatiquement la valeur du lieu où l'on est. Dommage...;;;;fr;;fr
2;1513779072;5;Pays de Savoie -> utile!!!;2017-01-02T09:00:04Z;Pornawak333;Habitant d Annecy, ville magnifique mais fortement polluée par le passage des véhicules (dont le mien malheureusement), cuvette naturelle, émanations et pollution de l air de la societe Aptar ainsi que du manque de volonté des politiques locaux cette application nous montre avec précision me type de pollution, horaires et previsions. Une des meilleures que j ai testé. Je vais aussi acheter leur Node pour test locaux. Et pourtant je suis loin d etre écolo (politiquement) 😉;;;;fr;;fr
0;1512229481;5;Parfait;2016-12-30T22:00:51Z;PaysDuMontBlancPollué;Appli indispensable au pays du Mont-Blanc, et appareil Node très facile d'utilisation, très fiable (testé près d'une station de mesure de la qualité de l'air). Très utile dans notre quotidien pour changer nos habitudes de vie et ainsi contribuer à améliorer la qualité de l'air dans la maison mais également à l'extérieur. Et bravo à l'équipe d'AirVisual d'être disponible rapidement quand nous avons des questions sur l'utilisation du Node et l'interprétation des résultats. Petit bémol: durée de la batterie très limitée, mais c'est un détail.;;;;fr;;fr
35;1507122087;5;Très bien;2016-12-23T03:57:04Z;Nougarede;Bonne application qui remplit parfaitement sa fonction, de bonne information fiables et une localisation impeccable que demander de plus !;;;;fr;;fr
17;1498246528;5;La plus fidèle des applications;2016-12-08T15:57:32Z;play13;J'ai testé 3-4 autres applications du même type, c'est la seule qui indique des données fiables.;;;;fr;;fr
211;1399779962;5;Parfait;2016-06-24T22:05:53Z;Bestvano;Très bonne appli;;;;fr;;fr
187;1364862284;5;Very good soo;2016-04-17T14:36:22Z;Bsieff;Tres bonne appli. Inclus des prévisions AQI.;;;;fr;;fr
183;1345751400;5;Nombreuses stations, application ludique;2016-03-10T15:35:21Z;Celllllllliiiiiiiiii;"L'application ludique et agréable.
Nombreuses stations
Prévisions météorologiques sur 4 jours, séquencées toutes les 3 h. 
Carte mondiale de la pollution de l'air.
Historique des indices IQA, NO2, MP10";;;;fr;;fr
184;1340766096;5;Très bon projet! La seule ressource en la matière qui vaux la peine qu'on la soutienne !;2016-02-29T23:57:28Z;Quentin155;Un projet novateur, ambitieux, qui à mon avis va aller très loin !!;;;;fr;;fr
186;1295255838;5;Très utile;2015-12-03T14:41:41Z;Moonlight79;Travaillant à Pékin, je l'utilise tous les jours car la pollution est très fréquente ici.;;;;fr;;fr
185;1294342367;5;formidable;2015-12-01T14:47:41Z;heidimoma21;une app qui changera la vie des victimes de la pollution. au moins elles seront averties. En Chine, mais aussi à Paris;;;;fr;;fr
206;5890657131;4;Jam470;2020-05-01T23:39:27Z;jamo47000;Bonne application bien dans ensemble juste un peut technique pour comprend je note 4/5;;;;fr;;fr
249;5777624373;4;Très bien;2020-04-07T21:15:05Z;Marko albania;Shume i mire;;;;sq;fr;fr
236;5529116566;4;Qualité de l air;2020-02-14T08:19:03Z;urkaGlee;Dommage qu’il n y ait pas la qualité de l air à St Georges d Orques 34680!;;;;fr;;fr
280;5468953039;4;Info pollution;2020-01-31T06:36:43Z;mlimagine;Continuer;;;;fr;;fr
176;5463578709;4;Appli reconnue;2020-01-29T21:16:25Z;Eco golf;cet appli semble precise et reconnue très bien;;;;fr;;fr
159;5359822800;4;Pratique pour le cycliste que je suis;2020-01-04T13:26:42Z;BePatman;Ça me permet de savoir si je dois rester raisonnable dans ma façon de pédaler avant de partir au taf.;;;;fr;;fr
83;5163222775;4;Bonne apli;2019-11-18T08:07:47Z;chef-arno;Manque juste la partie pour l'Apple watch et et une notification pour les alertes pic de pollutions;;;;fr;;fr
61;4682724672;4;La qualité de l’air est une chose importante dans ce pauvre monde;2019-08-27T19:44:16Z;Matt8374;"On néglige notre air.
Cette application nous rappelle la piètre qualité de l’air.";;;;fr;;fr
259;4682537045;4;Bien utile !;2019-08-27T18:32:40Z;mayanil;Bien utile surtout quand on fais attention à sa santé et à notre environnement !;;;;fr;;fr
71;4637924883;4;sympathique, mais ...;2019-08-18T19:23:56Z;panice;"Une approche simple et efficace sur un problème de santé public. 
Cependant, le calcul de l'indice devrait nous être donné avec la base de calcul et la formule utilisée.";;;;fr;;fr
56;4609787889;4;Indispensable et nécessaire;2019-08-13T06:56:44Z;Tanine27;Pourrait être plus précis s'il y avait plus de contributeurs,.... mais l'équipement reste un réel investissement financier.;;;;fr;;fr
209;4606847171;4;Super application;2019-08-12T13:45:45Z;la pardieu;C’est application est très utile et je vous conseil fortement de l’installer . Et comme ça la Chine pourra peut-être voir qu’il faut arrêter de polluer;;;;fr;;fr
178;4555697598;4;Très bien;2019-08-02T12:51:06Z;FGO ;Domage que le capteur personnel soit si cher;;;;fr;;fr
199;4527729238;4;Les indices !;2019-07-27T20:23:37Z;eddy9781;"Très utile 

Il manque juste les drapeaux 
Vert,Jeune,orange,rouge 
Pour les indices";;;;fr;;fr
282;4495765802;4;Parfait;2019-07-21T07:03:07Z;Vélo mbc;Fais parti du quotidien;;;;fr;;fr
272;4356981992;4;Jeang1618;2019-06-23T07:50:51Z;Jeang1618;Très bien;;;;fr;;fr
19;4266578189;4;Utile;2019-06-05T09:03:33Z;Warty007;Important pour planifier l’activité de sa journée et son mode de transport;;;;fr;;fr
25;4127104651;4;Qualité de l air;2019-05-10T06:22:22Z;franck 333;Application qui permet de suivre avec efficacité la qualité de l air et d agir en conséquence;;;;fr;;fr
76;4088831216;4;Précision et utilité;2019-05-02T08:15:58Z;ch.ctc94;"Données fournies précises et donc très utiles.
Je recommande";;;;fr;;fr
172;4069539443;4;Pollution;2019-04-28T01:20:59Z;Hatun;M’aide à organiser mes activités de personne âgée.;;;;fr;;fr
258;4057049021;4;Très belle application;2019-04-25T07:03:07Z;Monalissa13;Bravo;;;;sk;fr;fr
267;4049083127;4;AirVisual;2019-04-23T08:07:09Z;Abbeda;Indispensable en milieu urbain !;;;;fr;;fr
134;3975877569;4;Pratique et efficace;2019-04-06T06:06:02Z;icecreamoto;Utile lors d’activités sportives ou pour les phases d’allergies;;;;fr;;fr
99;3938016922;4;Pratique et utile;2019-03-28T18:26:23Z;Stéphan56;Très bien maintenant à savoir si les chiffres soit bon .. mais si c’est le cas c’est très bien;;;;fr;;fr
277;3889295141;4;Très utile;2019-03-16T18:15:17Z;Birdygirl6;Tres utile quand on a des problèmes respiratoires;;;;fr;;fr
29;3864288550;4;Pratique et fonctionnel;2019-03-10T06:49:29Z;yadestunes;Je regarde régulièrement l’indice de la qualité de l’air là où je me trouve (je voyage souvent). C’est d’abord ludique puis c’est devenue pratique. Une vraie prise de conscience au fur et à mesure qu’on se rencontre que l’air que nous respirons est parfois mauvaise;;;;fr;;fr
225;3860145927;4;Très fiable;2019-03-09T08:09:36Z;OlivierB06;Je recommande;;;;fr;;fr
195;3852125251;4;Application très utile;2019-03-07T08:01:27Z;misterps78;Souffrant d’une maladie pulmonaire, j’apprécie les informations que je trouve dans cette application;;;;fr;;fr
72;3844414401;4;Une appli désormais indispensable;2019-03-05T07:03:37Z;Bobden007;"Remet les idées en place, notamment quand l’on pense que notre air est le meilleur !
Très utile et facile d’utilisation.";;;;fr;;fr
107;3834300667;4;Et les pollens;2019-03-02T21:35:23Z;Glader_;Pas mal mais demande à être amélioré sur tout la présence d’autres indices comme les pollens, rayonnement magnétique ou UV...;;;;fr;;fr
86;3821421982;4;Normandie;2019-02-27T18:05:27Z;Elasto14;C'est à Pékin que j'ai téléchargé l'application qui est indispensable dans ce pays mais aussi dans nos capitales et grosses villes européennes. Facile et conviviale à utiliser. Bravos;;;;fr;;fr
74;3803689529;4;Pratique lorsque l'on vit dans une grande villr;2019-02-23T06:57:12Z;Laowai1975;Très utile lorsque vous voulez savoir la qualité de l'air que vous respirez.;;;;fr;;fr
91;3775723801;4;Très utile;2019-02-16T09:01:22Z;Angry_rooster;Application bien faite et très utile pour avoir une idée de la pollution de l’air . Plus de sources dans certains endroits rendraient l’application plus précise .;;;;fr;;fr
31;3672715538;4;Application très utile;2019-01-20T09:02:19Z;YW otaku;C’est très intelligent d’avoir créé une application qui nous informe de la qualité de l’air. Malheureusement, lorsque l’air est très pollué, il est plutôt conseillé un masque anti pollution mais le masque et les recharges de filtre ne sont pas facile à trouver en magasin et cela coûte assez cher;;;;fr;;fr
49;3469932467;4;Très bien mais la version française serait mieux;2018-11-28T13:27:54Z;Rodl31000;"Insuffisant respiratoire, j'apprécie cette application qui me donne des informations sur ma région. Elle me permet de savoir si et quand je peux sortir sans prendre trop de risques.
Mais une version française serait bienvenue";;;;fr;;fr
300;3462933457;4;AirVisual;2018-11-26T14:57:34Z;EspritVoltair;Très utile !;;;;fr;;fr
85;3445423066;4;Cristalzen;2018-11-22T02:33:10Z;Cristalzen;Très fluide et informative, excellente application !;;;;fr;;fr
13;3421254213;4;Très utile;2018-11-15T17:12:45Z;Lolià;Permet de connaître la qualité de l’air très facilement, il manque encore un développement de la liste des villes disponibles mais globalement la géolocalisation est assez efficace et on peut connaître la qualité de l’air dans un rayon assez proche;;;;fr;;fr
177;3401616365;4;Info claire;2018-11-10T11:06:51Z;Ouikaind;Excellente appli pour une consultation rapide;;;;fr;;fr
196;3367579788;4;Bonne application;2018-11-01T08:06:22Z;leinadd4;Très bien mais le widget associé s’évertue à ne vouloir afficher que Paris;;;;fr;;fr
175;3353805206;4;Je recommande, surtout pour des personnes qui font de l’asthme;2018-10-28T12:55:53Z;nadysa;Je regarde tout les matins. L’application influence mes sorties, et quand c’est 75, restez chez vous, je vous le recommande.;;;;fr;;fr
263;3299968077;4;Intéressant;2018-10-14T07:50:32Z;froy2;Étonnant de voir à quel point la qualité est variable d’un endroit à l’autre, même très proche.;;;;fr;;fr
224;3277310452;4;Utile!;2018-10-08T09:13:56Z;chris.connexion;C’est comme la météo. Nous nous informons tous les jours.;;;;fr;;fr
275;3252173537;4;Très utile;2018-10-01T15:44:55Z;pekin 84;Application très utile pour savoir où l’on en est quand on voyage;;;;fr;;fr
68;3216339399;4;Pas mal !!!;2018-09-22T07:06:16Z;chenouille;Utile pour  les personnes allergiques , tous les jours au réveil un regard aux taux annoncés pour pouvoir se protéger au maximum de la pollution;;;;fr;;fr
252;3143773665;4;Très bonne appli;2018-09-02T06:40:33Z;lisalef98;Appli fonctionnelle et très intéressante;;;;fr;;fr
179;2986106060;4;Belle application;2018-07-29T07:22:51Z;TG01;Ergonomique, quant à la véracité des mesures je ne suis pas expert.;;;;fr;;fr
18;2896098585;4;Très bon;2018-07-13T01:42:05Z;PierrotNC;Serait parfait si la base de données était plus complète. Par exemple impossible d’avoir une estimation à Nouméa. Il existe pourtant des capteurs...;;;;fr;;fr
33;2875310588;4;Excellente appli;2018-07-10T05:18:00Z;Roger felbow;Depuis 2 ans j'utilise cette appli qui indispensable ! Petit bémol je préférais l'ancienne interface moins jolie mais plus lisible;;;;fr;;fr
78;2644015953;4;Avis sur l’application;2018-06-05T06:42:46Z;nenya2017;"Application très bien, points d’information à multiplier car certaines zones sont éloignées du point de test. 
Bravo à poursuivre !";;;;fr;;fr
9;2597514105;4;Piste d’amélioration;2018-05-26T06:45:26Z;Stéphane Vial;La lecture des prévisions est peu user friendly;;;;fr;;fr
139;2432470942;4;Parfait pour connaître la qualité de l’air;2018-04-17T09:02:16Z;fredbaja;Génial bien fait et donne des informations pertinentes;;;;fr;;fr
173;2349814166;4;Pas mal;2018-03-26T21:03:24Z;Eunil eeee;C’est pratique ! Et je vérifie souvent avant sortir;;;;fr;;fr
89;1542018454;4;Indispensable;2017-02-11T08:32:40Z;Chouette08;"Enfin une application claire, pratique et d'une utilité devenue indispensable à une époque où la pollution menace de plus en plus nos vies.
Bravo pour les concepteurs de de cette application complète et facile.

G. Rouyer";;;;fr;;fr
4;1508935600;4;Recherche de ville;2016-12-25T20:42:43Z;YodaMoi;"Très bonne appli. mais la recherche de ville manque de ""souplesse""...";;;;fr;;fr
215;1386913122;4;Super;2016-05-31T16:00:39Z;Tumizolu;Très belle app;;;;fr;;fr
105;5795302327;3;Particules fines;2020-04-11T09:42:00Z;Breath 71;Dans les Hauts-de-France , on est pollué aux particules fines et pourtant on est en zone orange!!;;;;fr;;fr
194;5755875076;3;Quelle mesure;2020-04-03T13:01:53Z;Tourangelle du 69;"Je suis allée voir sur différent site, je ne comprends pas ce qui fait la pollution à Doh. Quel type de particules 
Merci pour votre reponse";;;;fr;;fr
77;5533939955;3;Bon début mais à développer;2020-02-15T10:28:35Z;mcsaisai;Selon moi l’application serait encore plus intéressante s’il elle donnait la mesure DU de la couche d’ozone de chaque lieu pour suivre la corrélation des 2 mesures d’Air et couche d’Ozone et mesurer l’impact de l’un sur l’autre.;;;;fr;;fr
154;5030021992;3;Très utile mais...;2019-10-27T06:08:01Z;fredcassous;Bon design, lisible et agréable. La station de mesure optionnelle est toutefois dérésonablement chère. On est bien dans le business.;;;;fr;;fr
32;3945035498;3;Qualité de l’air;2019-03-30T06:47:52Z;Aligataure;Seulement 2 points de mesure pour la plus grande ville de France, c’est peu;;;;fr;;fr
55;2464670907;3;Mise à jour automatique;2018-04-25T04:57:33Z;Oliv0670;Mettre en place la mise à jour automatique de l’ensemble des villes enregistrées comme c’était le cas sur l’ancienne version;;;;fr;;fr
63;2462246710;3;Étendez-vous;2018-04-24T14:16:00Z;saamsii;Essayez de trouver des données pour Pattaya;;;;fr;;fr
193;1552235686;3;Utile;2017-02-25T11:54:21Z;Le Patapon;Est un bon indicateur de la qualité de l'air.;;;;fr;;fr
92;1547837042;3;Optimisme;2017-02-19T11:41:26Z;Whymebe;Un peu trop optimiste par rapport à la réalité. Plus de réalisme pour une planète plus propre et sans faux 😊;;;;fr;;fr
95;1512816528;3;Trop de manque;2016-12-31T19:07:02Z;FrancelineEmma;Il manque trop de grandes villes surtout à l'étranger , sinon ça serait bien;;;;fr;;fr
201;5726601828;2;N’importe quoi !;2020-03-28T15:40:53Z;Christdu28;Alors que il n’y a plus de circulation et que tout est désert, la qualité de l’air est très mauvais. C’est vraiment une application qui raconte ce qui veut. Ça marche comment ? Ça marche au hasard ?;;;;fr;;fr
198;3892003718;2;Mauvaise localisation;2019-03-17T09:57:34Z;Droditi;"Bonjour, vos outils de localisations sont foireux, vous localisez mon adresse à Courbevoie à Levallois (et par défaut à Gennevilliers !), et mon adresse de travail dans le 8e arrondissement a Neuilly sur Seine... 

Pourriez vous svp corriger ce bug ?

Il est très dommage que des applis aussi utiles se révèlent aussi approximatives, cela fait perdre beaucoup de crédibilité...";;;;fr;;fr
166;2729687189;2;Bof;2018-06-20T07:33:42Z;lataureau;Il me localise a lautre bout du pays je comprends pas;;;;fr;;fr
229;1499538607;2;Plantage;2016-12-10T20:07:48Z;Leodemolay;Aplication plante et revien menu principal ios932;;;;fr;;fr
79;5784924400;1;Fiabilité ??;2020-04-09T08:17:24Z;sinusite75;J’avoue être complètement perdue sur cette appli. Exemple ce jour : IQA 1 à Rambouillet versus 75 sur toutes les communes autour, voire tout le département. IQA 78 Paris mais IQA 13 pour Paris 13è ((??). IQA 11 Lognes versus 76 tout autour. La différence : les valeurs élevées sont les données « satellite », les basses données par les contributeurs (sauf pour Paris, données contributeurs). Soit je n’ai rien compris soit il ne faut se fier qu’aux données des contributeurs (rares) donc pourquoi afficher les données estimées par satellites ??;;;;fr;;fr
285;4050167278;1;Une appli aux fraises;2019-04-23T13:38:40Z;AtrusTesla;C’est vos potes qui ont rédigés les avis de complaisance. Ça n’est pas possible autrement.;;;;fr;;fr
254;3412048362;1;S’inscrire ?;2018-11-13T04:24:07Z;rlmcn;Pourquoi faut-il s’inscrire, donner son nom et son mail pour une telle application ?;5965107.0;"Merci de votre message. Il n'y a pas besoin de s'inscrire pour utiliser l'appli, seulement si vous voulez sauvegarder votre configuration (liste de villes, stations, etc...). Il y a un bouton ""Passer"" pour continuer sans s'inscrire.";2018-11-16T02:57:49Z;fr;;fr
266;3020659744;1;Nulle;2018-08-05T11:32:57Z;Hophelie;Totalement nulle. Ne me localise pas dans la bonne ville. Impossible de rentrer manuellement une ville. A zapper;;;;fr;;fr
142;2713997986;1;Joce 64;2018-06-17T20:36:45Z;Joce 64;Application très utile;;;;fr;;fr
283;2458520393;1;Manques certaines stations;2018-04-23T14:41:27Z;Nicopasta;Bonne appli jusqu’à peu mais depuis plusieurs mois il n’y a plus aucune donnée en régions PACA et Occitanie !;;;;fr;;fr
286;2406704250;1;problème toulouse;2018-04-10T17:38:49Z;kchjkkvcw;"gros problème de données sur toulouse,
nous sommes renvoyés sur agen";;;;fr;;fr
137;2193362704;1;Mise a jour complètement buggée ?!;2018-02-11T02:58:41Z;izou;Cette app était parfaite mais depuis la mise à jour il y a quelques semaines rien ne va plus : l’affichage est beaucoup moins lisible et moins ergonomique , la mise à jour de la qualité de l’air ne se fait plus , on reste souvent bloqué sur l’indice s’il y a trois jours voire de la semaine d’avant !!! Incroyable de voir un déclin pareil , elle est devenue inutilisable , tout au moins en Chine . Très dommage;2556375.0;Merci pour votre retour. Il est a note que les stations du gouvernement americain à Pekin et à Shanghai ne marchent plus depuis une semaine. Vous pouvez ecrire à l'ambassade et au consulat americain pour qu'ils republient les donnees.;2018-02-12T04:14:46Z;fr;;fr
273;1633237518;1;Le Bassin d'Arcachon;2017-06-04T09:06:34Z;odilode;Aucune ville du bassin dArcachon, c'est dommage;;;;fr;;fr
257;1547730464;1;Plante depuis la dernière Maj;2017-02-19T08:45:22Z;Howusu;"Depuis la dernière Maj, l'application plante dès que je l'ouvre. Je suis sur un iphone 5. Pouvez-vous faire une autre Maj svp.

Ps: Sinon l'app est bien, seul défaut : il y a qqls changements de prévision des fois.";;;;fr;;fr
189;1294033844;1;RIEN EN FRANCE !;2015-11-30T22:25:38Z;plume d'oie;Aucun lieu en France;;;;fr;;fr
299;6104087393;5;De l’air;2020-06-21T11:24:10Z;Terre de sienne;Tip top;;;;en;;en
284;5896292691;5;One of the best coverage;2020-05-03T06:33:25Z;georgium;I live in Asia it is the only App which shows me every town I am looking for. I reckon sometimes the results are a little scary but it has nothing to do with the App LOL. I guess it is because the results are accurate and not like certain local App to please the local politicians.;;;;en;;en
155;5831097152;5;Bien structurée;2020-04-18T20:05:40Z;Appol Kouk;Satisfaction;;;;en;;en
140;5769588241;5;A must app!;2020-04-06T06:04:29Z;Ofir de Paris;Thanks;;;;en;;en
160;5694564037;5;Top;2020-03-22T02:46:32Z;pas mwa;Trop bien!!;;;;nl;en;en
292;5622336847;5;Air Visual;2020-03-06T05:32:47Z;Omri56;"It is an amazing apps. Good to know what the risks. I am a frequent traveller and the reality is now worse than I thought. Thanks to AirVisual I can materialize the rsk. 

Excellent product I recommend to my friends and family. 

Big hi to the product team";;;;en;;en
298;5594038193;5;Informative;2020-02-28T23:49:53Z;35whatt;"Living in SE Asia I was always wondering about the air quality, now I know where we stand compared to Europe where I once lived. Good App, totally recommend it.
Thanks";;;;en;;en
326;5567881198;5;Really good;2020-02-23T02:20:48Z;alexdachief;Easy to understand and helpful;;;;en;;en
113;5444649014;5;Super !!;2020-01-25T00:30:34Z;Labienus;Absolutely necessary and practical;;;;en;;en
310;5341891652;5;Very useful app;2019-12-31T08:58:41Z;Teobaz;Living in India for 6 months, the app really helps me knowing when to wear my mask or to switch on my air cleaner!;;;;en;;en
329;5280043693;5;Hugofinix82;2019-12-16T15:29:46Z;Hugofinix82;Parfait;;;;cy;en;en
217;5172037912;5;No 1;2019-11-20T10:54:22Z;pbn111;Perfect;;;;en;;en
317;5130881189;5;Great in Bangkok;2019-11-13T07:33:39Z;Cyleen;I teach in Bangkok and check my neighborhood’s air quality when I wake up. Very precise;;;;en;;en
313;5093809631;5;Useful and true;2019-11-06T13:15:50Z;jandominic;Great app. I help my friends worldwide by giving them the right info. Thanks.;;;;en;;en
125;5092497779;5;Top;2019-11-06T06:47:16Z;juju636363;How polluted is your air?;;;;en;;en
307;4990739674;5;Super App !;2019-10-21T04:51:32Z;EG5792;I really enjoy this app that allows me to know the air quality before going out of my home !;;;;en;;en
289;4954568888;5;A quick eyeball test is enough to know if you can breathe;2019-10-16T09:09:02Z;DNA cowgirl;Very useful app. As a digital nomad, i need to know about air quality in a whole variety of cities, villages... and continents. This app is accurate, user-friendly. Using it on an (almost) daily basis.;;;;en;;en
118;4863532007;5;Perfect!;2019-09-30T05:39:27Z;Ccccccccvvvvv84;Very clear and Ursule to understand.;;;;en;;en
141;4839560756;5;Misforget;2019-09-26T08:53:10Z;misforget;Great application !;;;;en;;en
297;4830358821;5;Accurate and reliable;2019-09-24T01:31:55Z;bootslover;Highly recommend;;;;en;;en
167;4822055315;5;Top;2019-09-22T06:41:57Z;Nuinuita;Merci;;;;es;en;en
322;4426643707;5;Useful app;2019-07-07T21:03:30Z;MarkofParis;Very useful app that I check often;;;;en;;en
110;4380501196;5;Good;2019-06-28T10:03:42Z;pocloidi;"Very interesting apps for health 
And to now the real situation about the pollution";;;;en;;en
294;4149953385;5;Well thought out app;2019-05-14T17:58:53Z;Superteds34;Makes checking your air quality simple, plan your time outside knowing in advance what to expect. Well thought out. Extremely useful.;;;;en;;en
169;4053415215;5;Top;2019-04-24T09:27:32Z;Moimoimoimoisonic;Top;;;;en;;en
120;4008904321;5;Very useful;2019-04-13T22:43:21Z;matt__matt__;Useful to be aware of air pollution;;;;en;;en
121;3931732668;5;Useful;2019-03-27T05:34:48Z;paulyndi;Like it really useful;;;;en;;en
333;3837460260;5;Top;2019-03-03T14:05:25Z;mkywt;Very usefull and seems to be accurate.;;;;en;;en
327;3826779785;5;Super;2019-03-01T05:05:00Z;Uwmye;Really useful. I use it almost every day;;;;en;;en
318;3809470036;5;Easy to use;2019-02-24T14:26:10Z;JG0501;Very Easy to use and get an idea of the pollution of the day;;;;en;;en
314;3795751480;5;Exactly what you need;2019-02-21T07:29:19Z;Ber pas;For those like me In China , willing to know the pollution rate outside. Proper and design and easy to use;;;;en;;en
146;3774611607;5;V;2019-02-16T02:26:05Z;Gold D Reo;Very good application;;;;en;;en
296;3618441868;5;Saved me from particles;2019-01-06T09:44:38Z;D. Robin;"Didn’t knew that some districts of Seoul were that much over polluted in some hours; helped me get ride of it with my mask... with accurate data; really nice ~";;;;en;;en
111;3543344970;5;Very good;2018-12-18T03:59:06Z;defnosh;Correct polution information;;;;en;;en
232;3477944358;5;Cool;2018-11-30T16:34:40Z;iikoo74;Juste efficace;;;;en;;en
305;3281832236;5;Very useful and accurate;2018-10-09T13:02:00Z;Jean Beut;Accurate, simple access, intuitive and show reality on live;;;;en;;en
127;3227339647;5;Good app - very interesting;2018-09-25T05:32:15Z;AngelRoxy13;Good app;;;;en;;en
311;3224271764;5;Useful apps;2018-09-24T07:59:01Z;Florans xx;Great apps with good explanations on dangers. One thing could be improved is the way the overall index is calculated.;;;;en;;en
295;3150491067;5;Good!;2018-09-04T01:38:21Z;Cedric Rexo;Simple and efficient.;;;;en;;en
315;3030236987;5;Really useful and nice design!;2018-08-07T11:23:59Z;Cony2ka;Love it all the info you need to know the quality of the air;;;;en;;en
163;2981171608;5;top !!;2018-07-28T06:38:57Z;low75005;top !!;;;;en;;en
128;2960662284;5;Love it!;2018-07-24T11:13:45Z;eto_shanghai;Living in a polluted city as Shanghai, this is a must;;;;en;;en
291;2770131042;5;Clear and straightforward;2018-06-26T00:31:49Z;Fabrice G..;If you are looking for an app to check the air quality at home, work or when you travel ... this is the app. Simple to use and clear info provided !!;;;;en;;en
123;2684912665;5;Clear and good cover of Asian countries;2018-06-13T02:57:03Z;MatteoSD;Clear and good cover of Asian countries;;;;en;;en
316;2607355836;5;Perfect!;2018-05-28T11:14:08Z;lequeltuveux;"Very good app. 
Finally an app with air quality forecast! And 7 days forecast. Also a nice and convenient widget. Great app!";;;;en;;en
129;2477048312;5;Very useful;2018-04-28T03:43:52Z;gulit131;Very good app.;;;;en;;en
290;2447086464;5;Excellent;2018-04-20T23:23:00Z;Phil Phprint;Before, despite the cleaner at home, I wasn’t very sure about the quality of my air inside. Now I have my data, and data I can trust and I can monitor them wherever I am and decide the action to take quickly.;;;;en;;en
323;2386175054;5;Simply the best air quality app around;2018-04-05T10:17:59Z;GreenCac40;Simply the best air quality app around;;;;en;;en
312;2358937816;5;Very helpful;2018-03-29T10:49:32Z;Aprrr;This app has become indispensable for me. Hope to see greener screens in the days to come!;;;;en;;en
331;2319320736;5;Chaslin;2018-03-18T12:02:48Z;pierbreiz;You should publish on Facebook . The government here hides this information .;;;;en;;en
309;2187306116;5;Very useful;2018-02-09T16:10:24Z;ZaGreg;I use the app almost each time I am planning outdoor activities in Warsaw and I find it very useful.;;;;en;;en
308;2147395276;5;Indispensable tool in China!!!;2018-01-31T00:28:34Z;Delf69;When you have to decide wether or not you should go out and play tennis or football;;;;en;;en
306;1784647816;5;Fantastic;2017-09-11T06:36:07Z;Vinc7578;"Choosing my ways using this application
Maybe also the place i will live";;;;en;;en
324;1553330499;5;Simple and always update;2017-02-26T23:43:46Z;Pascalbiz;Great apps, always updated and good looking logs;;;;en;;en
303;1544703940;5;Very good;2017-02-15T04:44:44Z;The man of Shanghai;Very convenient if you're in China but also possible to check other cities around the world;;;;en;;en
126;1495198307;5;Very good app;2016-12-03T12:09:09Z;aldericd;Nice and easy;;;;en;;en
210;1388677849;5;Essential!!;2016-06-04T06:59:09Z;Ronan1212;Thanks to the features of AirVisual, I know the exact situation of the air pollution before going out, but better, I can anticipate my activities outside home. User friendly, accurate and with a growing number of measurements in the world... A must! Thank you AirVisual team!;;;;en;;en
212;1349877465;5;Very good app;2016-03-18T23:36:18Z;Bsieff;"Very easy to use and read. One of the few app to have forecast.
Many station around the world.";;;;en;;en
188;1300241916;5;Informative and easy to customize;2015-12-13T23:28:36Z;Fraise - Anna S.;Map view makes it simple to locate nearby stations, and favorites are easy to organize. Air quality is instantly visible and understandable thanks to color-coded icons and pollution measurement types - PM2.5, PM10, O3, all depending on the chosen station. Very informative, I check it every day.;;;;en;;en
213;1280699702;5;Nice work;2015-11-02T01:48:50Z;Denis747;This is going to be very useful to me, thanks!;;;;en;;en
302;5977414552;4;Very useful;2020-05-22T04:02:32Z;Mattiouz;"Very useful but improvements would be required for better user experience (like location detection sometimes is lagging etc)

Anyway, I absolutely need it in Seoul !";;;;en;;en
144;5865253536;4;Top .. the best app;2020-04-26T06:46:57Z;Nicepremier;Very useful;;;;en;;en
320;5424560629;4;Estelle2029;2020-01-19T20:49:21Z;estelle2029;Good indication but sometimes tricky as close locations have big variations that aren’t so easy to explain;;;;en;;en
117;5315908030;4;Great everyday app!!;2019-12-25T04:27:08Z;alexandrelgl;How to check how accurate it is ??!;;;;en;;en
321;4797308214;4;Good and clear app;2019-09-17T22:10:50Z;Bruno de Malaisie;Just wish not to use it that often...;;;;en;;en
279;3861390231;4;Application Stable et Efficace;2019-03-09T14:25:32Z;mook972;RAS;;;;de;en;en
268;3509459898;4;Très bien et juste;2018-12-08T23:49:13Z;jeuzhs;Really good and seems to tell true data;;;;en;;en
145;3494180279;4;4 stars;2018-12-05T01:17:15Z;Chonlamas ch;Great ! It’s helpful;;;;en;;en
115;2290821149;4;Great app;2018-03-10T12:41:22Z;hpbrownfr;Works very well. Would like to see an equivalent app for Apple Watch;;;;en;;en
148;2201840940;4;very useful;2018-02-13T05:16:18Z;MisterGD......;very useful;;;;en;;en
114;2164215003;4;Visual and clear;2018-02-04T01:47:15Z;Tycé;Good app with clear information;;;;en;;en
124;2434915979;3;little Tribu from Seoul South Korea;2018-04-17T23:58:52Z;little Tribu;Very useful for us when we decide to do sport: running, biking, trekking;;;;en;;en
149;3688408352;1;Bug;2019-01-24T10:13:12Z;Mimi75;Bug sur l’Apple watch;7003136.0;"Hi Mimi75,
We are sorry you are experiencing troubles with the Apple Watch.
Please contact us via this link so our team can help: https://www.airvisual.com/contact 
The AirVisual team";2019-01-25T03:21:34Z;en;;en
143;2685130456;1;Shanghai;2018-06-13T03:52:43Z;EliseVig;Prefer the other design. I don t understand the new one;;;;en;;en
